일자,장소,인물,대사,화면,배경음악,표정,비고,퀘스트,퀘스트 내용
2일차 아침,객실,나레이션,창밖에서 들려오는 새 소리에 눈을 뜬다.,기차 내 객실,새 소리,,,,
2일차 아침,객실,나레이션,객실의 커튼을 걷어내자 밝은 빛이 객실 안으로 쏟아진다.,,,,,,
2일차 아침,객실,솔,...,,,일반,,,
2일차 아침,객실,솔,카페 오픈하기 딱 좋은 날씨네.,,,웃음,,,
2일차 아침,객실,솔,내가 의도한 열차 생활은 아니지만...,,,일반,,,
2일차 아침,객실,나레이션,카페로 가자.,,,,,,
2일차 아침,객실,솔,지금은 일할 시간이야.,,,,카페 외 다른 곳으로 이동 시,,
2일차 낮,카페,,,카페기본화면(1인칭),카페bgm,,카운터 진입 시 1인칭으로 전환,,
2일차 낮,카페,파이아,"엇, 솔!",,,놀람,,,
2일차 낮,카페,파이아,안녕? 잘 잤어?,,,웃음,,,
2일차 낮,카페,솔,"네, 그런데 이렇게 일찍 어쩐 일이세요?",,,놀람,,,
2일차 낮,카페,솔,"어, 혹시 커피 드시러 오셨어요? 저 아직 오픈 전인데...!",,,놀람,,,
2일차 낮,카페,파이아,오 아냐 아냐. 오늘은 재료 가져다 주러 왔어.,,,일반,,,
2일차 낮,카페,파이아,생각해 보니까 어제 너무 조금 주고 간 것 같아서.,,,웃음,,,
2일차 낮,카페,솔,자켓 주머니를 먼지나게 탈탈 털고 가셨으면서.... 그게 조금이었다고요?,,,당황,,,
2일차 낮,카페,파이아,"그치만, 그 재료들로는 음료 몇 종류밖에 못 만들잖아.",,,일반,,,
2일차 낮,카페,나레이션,파이아는 잠시 기다리라는 말과 함께 사라지더니,,,,,,
2일차 낮,카페,나레이션,큰 보따리를 가지고 돌아온다.,,,,,,
2일차 낮,카페,파이아,음...여러가지 챙겨봤어.,,,일반,,,
2일차 낮,카페,파이아,"오픈 전에 재료 확인하고, 레시피 한번씩 훑어보면 되겠다! 그치?",,,웃음,,,
2일차 낮,카페,솔,"네네, 감사해요. ",,,웃음,,,
2일차 낮,카페,솔,들고 오시느라 고생 많으셨어요. 꽤 무거워 보이는데...,,,일반,,,
2일차 낮,카페,파이아,"하하, 걱정해줘서 고마워. 근데 하나도 안 무거웠어.",,,웃음,,,
2일차 낮,카페,파이아,내가 스피드랑 힘은 누구한테도 안 밀리거든.,,,일반,,,
2일차 낮,카페,솔,"멋있는 말이네요. 감사해요. 여기서부터는 제가 옮,",,,웃음,,,
2일차 낮,카페,파이아,아니. 재료를 재료창고까지 배달하는 것까지가 내 일이야.,,,일반,,,
2일차 낮,카페,파이아,"내가 카운터 안까지 옮겨줄게, 가자.",,,웃음,,,
2일차 낮,카페,솔,"하하하, 네. 가요~",,,웃음,,,
2일차 낮,카페,나레이션,파이아는 솔과 함께 재료를 정리한 뒤 인사를 남기고 떠난다.,,,,,,
2일차 낮,카페,,레시피 북 확인,레시피 북 반짝거림,,,,,
2일차 낮,카페,,잠시 암전,암전,,,,,
2일차 낮,카페,나레이션,"오픈 준비를 모두 끝마친 솔이 카운터에 서고, 몇 분 지나지 않아 손님이 들어온다.",,,,,,
2일차 낮,카페,나루,안녕하세요.,,,일반,,,
2일차 낮,카페,나루,"가이웰에서 이 기차에 탄, ..나루라고 해요.",,,일반,,,
2일차 낮,카페,솔,안녕하세요. 저는 이 카페의 바리스타인 솔이라고 해요.,,,일반,,,
2일차 낮,카페,나루,...,,,일반,,,
2일차 낮,카페,나루,보아하니 제가 첫 손님인가요?,,,웃음,,,
2일차 낮,카페,솔,"...! 네, 첫 손님이세요.",,,놀람,,,
2일차 낮,카페,나루,"하하, 이거 영광이네요. ",,,웃음,,,
2일차 낮,카페,나루,"기차에서 내릴 때까지 여기 커피만 마시게 될 테니까, 잘 부탁드려요.",,,웃음,,,
2일차 낮,카페,나루,오늘 주문할 음료는...,,,일반,,,
2일차 낮,카페,,음료제작,,,,낮 주문1,,
2일차 낮,카페,나루,향이 좋네요. 잘 마실게요.,,,웃음,,,
2일차 낮,카페,,룸서비스 주문 음료 제작 ,룸서비스 아이콘 반짝임,룸서비스 알림음,,룸서비스 주문1,,
2일차 낮,카페,,랜덤 등장인물 대면 주문 ,,,,낮 주문2,,
2일차 낮,카페,슬로우,안녕하신가. 내 이름은 슬로우.,,,일반,,,
2일차 낮,카페,슬로우,가이웰에서 이 기차에 올라탔다네.,,,일반,,,
2일차 낮,카페,솔,"네, 반갑습니다. 저는 이 카페의 바리스타인 솔이라고 해요.",,,웃음,,,
2일차 낮,카페,슬로우,"음, 한동안 나의 커피를 책임질 자네의 실력을 좀 보러 왔네.",,,일반,,,
2일차 낮,카페,슬로우,맛있게 한 잔 만들어 줄 수 있겠나?,,,일반,,,
2일차 낮,카페,,,,,,낮 주문3,,
2일차 낮,카페,슬로우,"음, 자네 꽤 하는구만. 잘 마시겠네.",,,웃음,,,
2일차 낮,카페,,룸서비스 주문 음료 제작 ,룸서비스 아이콘 반짝임,룸서비스 알림음,,룸서비스 주문2,,
2일차 낮,카페,바이올렛,달링! 이제 슬슬 해가 지는 것 같네. ,,,일반,,,
2일차 낮,카페,바이올렛,나는 이제 공연 준비 시작할게. 커피 내리면서 내 노래 잘 들어줘~!,,재즈바 bgm,웃음,카페기본화면 밤 버전으로 변경,,
2일차 밤,카페,나레이션,카페가 있는 열차 칸의 분위기가 반전되며 무대에서부터 노래 소리가 들려온다.,,,,,,
2일차 밤,카페,가이,"큼큼, 안녕 커피 청년~",,,웃음,,,
2일차 밤,카페,가이,난 가이웰에서 이 기차에 탄 가이라네.,,,웃음,,,
2일차 밤,카페,솔,"앗! 안녕하세요. 저는 이 카페의 바리스타, 솔입니다.",,,놀람,,,
2일차 밤,카페,가이,"응응, 솔. 혹시 지금 음료 주문 가능한가?",,,일반,,,
2일차 밤,카페,솔,"네, 그럼요! ",,,웃음,,,
2일차 밤,카페,솔,어떤 메뉴로 준비해드릴까요?,,,일반,,,
2일차 밤,카페,가이,"내가 지금 목이 좀 타는데, 시원-하게 한 잔 만들어 주게.",,,웃음,,,
2일차 밤,카페,,,,,,밤 주문1,,
2일차 밤,카페,가이,"크으, 시원-하군. 고맙네!",,,웃음,,,
2일차 밤,카페,나레이션,랜덤 등장인물 대면 주문 ,,,,밤 주문2,,
2일차 밤,카페,,,,,,,,
2일차 밤,카페,솔,"...카페 첫날, 낯설었지만 장사는 나쁘지 않았던 것 같아.",,,일반,,,
2일차 밤,카페,솔,오늘을 열차 구경을 좀 하다가 객실로 돌아가자.,,,,,,
2일차 밤,카페,나레이션,카페를 정리하고 퇴근을 위해 카운터를 벗어난다. ,,,,카운터 벗어나서 3인칭으로 복귀,,
2일차 밤,재즈바(카페 맵 밤 버전),바이올렛,(음표),재즈바,재즈바 bgm 크게,,플레이어가 해당 NPC에게 말을 걸면 진행,,
2일차 밤,재즈바,솔,멋있다…,,,놀람,,,
2일차 밤,재즈바,솔,카페에서 일할 때랑은 완전 분위기가 다르네.,,,웃음,,,
2일차 밤,재즈바,바이올렛,어? 달링~!!!,,bgm 잔잔,웃음,,,
2일차 밤,재즈바,바이올렛,어땠어? 내 노래 말이야~ 거기까지 잘 들렸지?,,,윙크,,,
2일차 밤,재즈바,솔,"네, 잘 들렸어요. 정말 멋있으시던데요?",,,웃음,,,
2일차 밤,재즈바,솔,드레스도...잘 어울리세요. ,,,웃음,,,
2일차 밤,재즈바,바이올렛,후후... 그래도 나한테 반해버리면 곤란한데~?,,,윙크,,,
2일차 밤,재즈바,솔,"하하, 하긴 카페에서 일하시는 분과 다른 분인 줄 알고 반할 뻔 했네요.",,,웃음,,,
2일차 밤,재즈바,바이올렛,"낮과 밤의 분위기가 완전히 달라지는 것,",,,웃음,,,
2일차 밤,재즈바,바이올렛,"그게 바로 나의 매력이자, 루나 익스프레스의 매력이지!",,,윙크,,,
2일차 밤,재즈바,솔,정말 그렇네요. ,,,웃음,,,
2일차 밤,재즈바,바이올렛,"그래서 달링, 카페 첫 날 소감은?",,,웃음,,,
2일차 밤,재즈바,솔,"음...손님들도 친절하시고, 귀도 즐겁고...",,,일반,,,
2일차 밤,재즈바,솔,좀 낯설긴 했지만 좋았어요. ,,,웃음,,,
2일차 밤,재즈바,바이올렛,"응, 그 정도면 대성공이네! 앞으로 점점 익숙해질 거야~",,,웃음,,,
2일차 밤,재즈바,솔,"하하, 네 맞아요. 빨리 적응해야죠.",,,일반,,,
2일차 밤,재즈바,바이올렛,부담 느낄 필요 없어~ 천천히 해도 괜찮아.,,,웃음,,,
2일차 밤,재즈바,솔,...,,,놀람,,,
2일차 밤,재즈바,바이올렛,"음... 내가 해주고 싶은 말은, ",,,웃음,,,
2일차 밤,재즈바,바이올렛,"기차에서의 시간은, 언젠가는 끝이 나는 소중한 거잖아?",,,웃음,,,
2일차 밤,재즈바,바이올렛,그러니까,,,웃음,,,
2일차 밤,재즈바,바이올렛,"하루하루를 소중히, 즐겁게 보내자는 거야! ",,,웃음,,,
2일차 밤,재즈바,바이올렛,우리가 여기서 해야할 건 그뿐이야!,,,윙크,,,
2일차 밤,재즈바,솔,...감사해요.,,,웃음,,,
2일차 밤,재즈바,바이올렛,응응! 이제 내일을 위해 힘을 비축할 시간이야.,,,웃음,,,
2일차 밤,재즈바,바이올렛,"잘 자, 달링! 오늘 수고 많았어~ 내일 또 보자?",,,윙크,,,
2일차 밤,재즈바,솔,"네, 바이올렛도 편히 쉬어요.",,,웃음,,,
2일차 밤,정원,레이비야크,...,,해당 맵 bgm,,플레이어가 해당 NPC에게 말을 걸면 진행,,
2일차 밤,정원,솔,무슨 생각을 저렇게 골똘히 하시는 걸까?,,,,,,
2일차 밤,빵집,러스크,백만 스물 하나. 백만 스물 둘.,,해당 맵 bgm,,플레이어가 해당 NPC에게 말을 걸면 진행,,
2일차 밤,빵집,솔,아저씨는 운동하시느라 바빠 보여,,,,,,
2일차 밤,빵집,솔,방해하지 말자...,,,,,,
2일차 밤,의무실,Mr.Ham,Zzz...,,해당 맵 bgm,,플레이어가 해당 NPC에게 말을 걸면 진행,,
2일차 밤,의무실,Mr.Ham,흠냐흠냐....오늘은 어떤 침을...,,,,,,
2일차 밤,의무실,솔,지금 선생님을 깨웠다가는 무서운 침을 맞게 될지도...,,,,,,
2일차 밤,객실,솔,열차를 조금 더 돌아봐야 할 것 같아.,,,일반,모든 장소를 돌아보지 않은 경우,,
2일차 밤,객실,솔,"...하루하루를 소중히, 즐겁게...",,,,"침대 상호작용, 다음날로 넘어가기 클릭 시",,
2일차 밤,객실,솔,...,,,,,,
3일차 아침,객실,나레이션,띠띠띠-,,시계 알람 소리,,,,
3일차 아침,객실,나레이션,해가 밝았다. 출근할 시간이다.,,,,,,
3일차 아침,객실,나레이션,지금은 일할 시간이야.,,,,카페 외 다른 곳으로 이동 시,,
3일차 낮,카페,,,,카페bgm,,카운터 진입 시 1인칭으로 전환,,
3일차 낮,카페,,랜덤 등장인물 대면 주문 ,,,,낮 주문1,,
3일차 낮,카페,,룸서비스 주문 음료 제작 ,,,,룸서비스 주문1,,
3일차 낮,카페,,랜덤 등장인물 대면 주문 ,,,,낮 주문2,,
3일차 낮,카페,,랜덤 등장인물 대면 주문 ,,,,낮 주문3,,
3일차 낮,카페,,룸서비스 주문 음료 제작 ,,,,룸서비스 주문2,,
3일차 낮,카페,바이올렛,"달링, 해가 지고 있어! 나 공연 준비하러 가볼게~",,재즈바 bgm,,카페 화면 밤 버전으로 전환,,
3일차 밤,카페,,,,,,,,
3일차 밤,카페,가이,안녕하신가~ 오늘은 이걸로 주문하겠네!,,,일반,,,
3일차 밤,카페,,음료제작창,,,,밤 주문1,,
3일차 밤,카페,가이,"자네, 내가 한 가지 물어볼 것이 있다네.",,,일반,,,
3일차 밤,카페,솔,"네, 말씀하세요.",,,일반,,,
3일차 밤,카페,가이,슬로우라고 하는 자라는 주로 언제 카페에 오는지 알고 싶네.,,,웃음,,,
3일차 밤,카페,솔,…?,,,일반,,,
3일차 밤,카페,솔,아직 몇 번 못 뵀는데... 아직까진 낮에만 오시기는 했네요.,,,일반,,,
3일차 밤,카페,솔,그런데 그건 왜 여쭤보시는 건가요?,,,놀람,,,
3일차 밤,카페,가이,"흠. 이건 사실 비밀인데,",,,일반,,,
3일차 밤,카페,가이,그 자가 나를 죽이려 한다네.,,,일반,,,
3일차 밤,카페,가이,"껄껄, 목숨 보전을 하려면 되도록 안 만나야 하지 않겠나!",,,웃음,,,
3일차 밤,카페,솔,...,,,당황,,,
3일차 밤,카페,솔,제가 제대로 들은 게 맞나요?,,,찡그림,,,
3일차 밤,카페,솔,그렇게 즐거워하실 일이 아닌 것 같은데요.,,,찡그림,,,
3일차 밤,카페,가이,하하! 자네도 그자와 얘기를 나눠 보면 이유를 알게 될 걸세.,,,웃음,,,
3일차 밤,카페,가이,"아하, 그자에게 나를 왜 죽이려 하는지 물어보게.",,,일반,,,
3일차 밤,카페,가이,아주 재밌을 것이야~,,,웃음,대사 이후 상반신 일러스트 사라짐,,
3일차 밤,카페,솔,...?,,,당황,,,
3일차 밤,카페,나루,"안녕하세요, 이걸로 한 잔 부탁드려요.",,,웃음,,,
3일차 밤,카페,,음료제작창,,,,밤 주문2,,
3일차 밤,카페,솔,주문하신 음료 나왔습니다.,,,웃음,,,
3일차 밤,카페,나루,오늘도 잘 마실게요. ,,,웃음,,,
3일차 밤,카페,나루,"아참, 어제 첫 날이었는데 어땠어요?",,,일반,,,
3일차 밤,카페,솔,음... 덕분에 즐거운 첫 근무였어요.,,,웃음,,,
3일차 밤,카페,나루,나 덕분에?,,,놀람,,,
3일차 밤,카페,솔,"하하, 이렇게 다정하게 관심 가져 주시는 손님을 만날 수 있단 건 아주 큰 행운이거든요.",,,웃음,,,
3일차 밤,카페,나루,오? 마치 그렇지 못했던 경험이 있다는 걸로 들리네요.,,,일반,,,
3일차 밤,카페,나루,여기에 오기 전에도 비슷한 일을 했나요?,,,일반,,,
3일차 밤,카페,솔,"...음, 예리하시네요. ",,,일반,,,
3일차 밤,카페,솔,"네, 맞아요. ",,,일반,,,
3일차 밤,카페,솔,작은 도시에서 작은 카페를 했어요.,,,일반,,,
3일차 밤,카페,나루,역시 그랬군요? 음료를 만드는 솜씨가 초보 같지는 않다고 생각하고 있었어요.,,,웃음,,,
3일차 밤,카페,나루,카페 일을 하다 와서는 또 카페 일을 하게 되었네요? ,,,일반,,,
3일차 밤,카페,나루,지겹지는 않나요? 새로운 일을 해보고 싶다거나...,,,일반,,,
3일차 밤,카페,솔, '지겹다.' 라...,,,일반,혼잣말(글씨색연하게),,
3일차 밤,카페,나레이션,분명히 나는 반복되는 일상이 지겨웠다.,,,,,,
3일차 밤,카페,나레이션,"너무나도 지겨워서 그곳을 떠나기로 결심했고, 이곳까지 왔다.",,,,,,
3일차 밤,카페,나레이션,그러나...,,,,,,
3일차 밤,카페,솔,"글쎄요, 환경의 변화가 있어서 그런가?",,,일반,,,
3일차 밤,카페,솔,지겹다는 느낌은 없네요. ,,,일반,,,
3일차 밤,카페,솔,오히려...,,,일반,,,
3일차 밤,카페,솔,"말씀드렸던 대로, 즐거운 마음이 커요.",,,웃음,,,
3일차 밤,카페,나레이션,"...마치, 희망에 가득 차 나의 카페를 처음 오픈하던 그 날,",,,,,,
3일차 밤,카페,나레이션,그 작은 카페에서 많은 사람들에게 기쁨을 주겠다 다짐하던 그 날처럼.,,,,,,
3일차 밤,카페,나루,그렇다면 다행이네요. ,,,웃음,,,
3일차 밤,카페,나루,자주 와서 많이 주문해도 되겠어요.,,,일반,,,
3일차 밤,카페,솔,"하하, 당연하죠. 그래 주시면 저도 심심하지 않고 좋은걸요.",,,웃음,,,
3일차 밤,카페,나루,고마워요 솔. 그럼 나중에 또 보죠.,,,웃음,대사 이후 상반신 일러스트 사라짐,,
3일차 밤,카페,,,,,,3초 흐른 후,,
3일차 밤,카페,솔,오늘은 여기까지 해야겠어. 시간이 벌써 이렇게 됐네.,,,,카운터 벗어나서 3인칭으로 복귀,,
3일차 밤,재즈바,바이올렛,(음표),,,,플레이어가 해당 NPC에게 말을 걸면 진행,,
3일차 밤,재즈바,솔,(음표),,,웃음,,,
3일차 밤,재즈바,솔,노래 정말 좋다...,,,웃음,,,
3일차 밤,정원,레이비야크,...,,해당 맵 bgm,,플레이어가 해당 NPC에게 말을 걸면 진행,,
3일차 밤,정원,솔,무슨 생각을 저렇게 골똘히 하시는 걸까?,,,,,,
3일차 밤,빵집,러스크,백만 스물 하나. 백만 스물 둘.,,해당 맵 bgm,,플레이어가 해당 NPC에게 말을 걸면 진행,,
3일차 밤,빵집,솔,아저씨는 운동하시느라 바빠 보여,,,,,,
3일차 밤,빵집,솔,방해하지 말자...,,,,,,
3일차 밤,의무실,Mr.Ham,Zzz...,,해당 맵 bgm,,플레이어가 해당 NPC에게 말을 걸면 진행,,
3일차 밤,의무실,Mr.Ham,흠냐흠냐....오늘은 어떤 침을...,,,,,,
3일차 밤,의무실,솔,지금 선생님을 깨웠다가는 무서운 침을 맞게 될지도...,,,,,,
4일차 아침,객실,나레이션,띠띠띠,,시계 알람 소리,,,,
4일차 아침,객실,솔,으...시끄러워.,,,일반,,,
4일차 아침,객실,나레이션,띠띠띠,,시계 알람 소리,,,,
4일차 아침,객실,솔,"알겠어, 알겠다고. 일어날게.",,탁 효과음 (알람 끄는 소리),일반,,,
4일차 아침,객실,나레이션,지금은 일할 시간이야.,,,,카페 외 다른 곳으로 이동 시,,
4일차 낮,카페,,,,카페 bgm,,카운터 진입 시 1인칭으로 전환,,
4일차 낮,카페,,룸서비스 주문 음료 제작 ,,,,룸서비스 주문1,,
4일차 낮,카페,,랜덤 등장인물 대면 주문 ,,,,낮 주문1,,
4일차 낮,카페,슬로우,"큼, 음료 한 잔 부탁하네.",,,일반,,,
4일차 낮,카페,,음료제작창,,,,낮 주문2,,
4일차 낮,카페,솔,…슬로우 님.,,,일반,,,
4일차 낮,카페,슬로우,?,,,일반,,,
4일차 낮,카페,슬로우,왜 부르는 겐가.,,,일반,,,
4일차 낮,카페,솔,혹시 누군가를 죽일 계획을 세우고 계신가요?,,,당황,,,
4일차 낮,카페,슬로우,자네가 그걸 어떻게 알고 있나?,,,놀람,,,
4일차 낮,카페,솔,가이님께서 알려주셨어요.,,,당황,,,
4일차 낮,카페,솔,그리고 이유를 여쭤보라고 하시던데요.,,,당황,,,
4일차 낮,카페,슬로우,"허, 참! 그자가 하루빨리 간을 내주고 싶어 안달이 났구만!",,,화남,,,
4일차 낮,카페,슬로우,이유는 아주 중대한 임무를 맡았기 때문이네.,,,일반,,,
4일차 낮,카페,슬로우,내 고향에 용왕님 한 분이 계신다네.,,,일반,,,
4일차 낮,카페,슬로우,그분이 몇 달 전부터 정체 모를 병을 앓고 있다네.,,,슬픔,,,
4일차 낮,카페,슬로우,토끼의 간으로 치료할 수 있다는 소식이 들려와 내 직접 그것을 구하러 육지로 올라오게 된 것이라네.,,,화남,,,
4일차 낮,카페,솔,…아~네. 그런 소문이…돌았군요.,,,일반,,,
4일차 낮,카페,슬로우,그리고 내가 처음 만난 토끼가 바로 가이 저 자라네.,,,화남,,,
4일차 낮,카페,슬로우,저자가 간을 주겠다고 해놓고는 자기 간을 다른 곳에 놓고 왔다고 하더군.,,,화남,,,
4일차 낮,카페,슬로우,그러고는 그걸 가지러 간다면서 도망쳐 버렸지!,,,화남,,,
4일차 낮,카페,슬로우,운 좋게 다시 마주쳤을 때는 나에게 뭐라고 했는지 아나?,,,화남,,,
4일차 낮,카페,솔,뭐라고 하셨는데요?,,,웃음,,,
4일차 낮,카페,슬로우,"""자네는 간을 빼놓고 다닌다는 말을 정말로 믿은 겐가?",,,화남,,,
4일차 낮,카페,슬로우,"하핫, 이거 참 어이가 없을 정도로 웃긴 자라일세.""",,,화남,,,
4일차 낮,카페,솔,…,,,웃음,,,
4일차 낮,카페,슬로우,그자는…아주 악랄하게 나를 가지고 놀았네.,,,화남,,,
4일차 낮,카페,솔,네~… 정말 나빴네요.,,,웃음,,,
4일차 낮,카페,슬로우,그래서 저자가 이 기차에 탄다는 걸 알자마자 따라왔다네.,,,화남,,,
4일차 낮,카페,슬로우,이 기차에서 나는 이번에야말로 토끼 간을 얻어갈 생각이라네.,,,화남,,,
4일차 낮,카페,솔,"그래도 슬로우 님, 살아있는 토끼의 간을 빼는 건…너무 잔인하지 않을까요?",,,웃음,,,
4일차 낮,카페,슬로우,"그, 그렇지만 나는 해야 한다네. 그것을 구해 가야만 해.",,,당황,,,
4일차 낮,카페,나레이션,슬로우는 불편한 듯한 표정을 지으며 자리를 떠난다.,,,,슬로우 상반신 일러스트 사라짐,,
4일차 낮,카페,나레이션,웃기면서도 한편으로는 안타까운 마음이 든다.,,,,,,
4일차 낮,카페,,룸서비스 주문 음료 제작 ,,,,룸서비스 주문2,,
4일차 낮,카페,,랜덤 등장인물 대면 주문 ,,,,낮 주문3,,
4일차 낮,카페,바이올렛,달링~ 나 조명 바꾼다~?,,재즈바 bgm,,카페 밤 버전으로 전환,,
4일차 밤,카페,,랜덤 등장인물 대면 주문 ,,,,밤 주문1,,
4일차 밤,카페,,랜덤 등장인물 대면 주문 ,,,,밤 주문2,,
4일차 밤,카페,,랜덤 등장인물 대면 주문 ,,,,밤 주문3,,
4일차 밤,카페,솔,...오늘은 여기까지 할까.,,,,,,
4일차 밤,재즈바,바이올렛,(음표),,,,플레이어가 해당 NPC에게 말을 걸면 진행,,
4일차 밤,재즈바,솔,새로운 노래다! 조금 듣다 갈까...,,,웃음,,,
4일차 밤,정원,레이비야크,...,,해당 맵 bgm,당황,플레이어가 해당 NPC에게 말을 걸면 진행,,
4일차 밤,정원,솔,어...여기 조금 덥지 않나요?,,,당황,,,
4일차 밤,정원,레이비야크,...온도가 높은 곳에서 잘 자라는 식물들을 새로 심었습니다.,,,당황,,,
4일차 밤,정원,레이비야크,그래서 정원의 온도를 높여 놓았기 때문에...,,,당황,,,
4일차 밤,정원,레이비야크,"...후, 미안합니다. 오늘은 다른 곳에 가서 휴식하시는 게 좋겠어요.",,,당황,,,
4일차 밤,빵집,러스크,이백만 스물 하나. 이백만 스물 둘.,,해당 맵 bgm,,플레이어가 해당 NPC에게 말을 걸면 진행,,
4일차 밤,빵집,솔,이백만...?,,,,,,
4일차 밤,빵집,솔,방해하지 말자...,,,,,,
4일차 밤,의무실,Mr.Ham,Zzz...,,해당 맵 bgm,,플레이어가 해당 NPC에게 말을 걸면 진행,,
4일차 밤,의무실,Mr.Ham,흠냐흠냐....오늘은 어떤 약을...,,,,,,
4일차 밤,의무실,솔,선생님은 꿈도 저런 꿈만 꾸시네...,,,당황,,,
5일차 아침,객실,나레이션,띠띠-,,시계 알람 소리 (평소보다 짧게),,,,
5일차 아침,객실,나레이션,탁.,,탁 효과음,,,,
5일차 아침,객실,솔,벌써 일어났습니다~ 자 오늘도 출근해 볼까.,,,웃음,,,
5일차 아침,객실,나레이션,지금은 일할 시간이야.,,,,카페 외 다른 장소로 이동 시,,
5일차 낮,카페,,랜덤 등장인물 대면 주문 ,,,,낮 주문1,,
5일차 낮,카페,,룸서비스 주문 음료 제작 ,,,,룸서비스 주문1,,
5일차 낮,카페,,랜덤 등장인물 대면 주문 ,,,,낮 주문2,,
5일차 낮,카페,,랜덤 등장인물 대면 주문 ,,,,낮 주문3,,
5일차 낮,카페,,룸서비스 주문 음료 제작 ,,,,룸서비스 주문2,,
5일차 낮,카페,바이올렛,달링~ 나 공연하러 갈 시간!,,재즈바 bgm,윙크,,,
5일차 밤,카페,나루,"솔, 안녕하세요. 오늘은... 이걸로 한 잔 부탁해요.",,,일반,밤 주문1,,
5일차 밤,카페,,음료제작창,,,,,,
5일차 밤,카페,솔,주문하신 음료 나왔습니다~,,,웃음,,,
5일차 밤,카페,솔,"저기, 나루 님은 기차에서 주로 어떻게 지내세요?",,,웃음,,,
5일차 밤,카페,나루,저요?,,,당황,,,
5일차 밤,카페,나루,"음...저는,",,,일반,,,
5일차 밤,카페,나루,일어나서 여기 커피에 러스크 빵집 빵을 아침으로 먹으면서 하루를 시작해요.,,,일반,,,
5일차 밤,카페,솔,일어나서 바로 오시는 게 이 시간이란 말이지...?,,,당황,혼잣말(글씨색연하게),,
5일차 밤,카페,나루,"그 후엔 뭐, 정원 구경도 좀 하고 Mr. Ham 의사선생님하고 바둑도 두고요.",,,웃음,,,
5일차 밤,카페,나루,"아, 이 기차에 발코니가 있는 건 아나요?",,,일반,,,
5일차 밤,카페,나루,동이 트기 직전에 그 발코니에서 바깥 풍경을 바라보면 참 예뻐요.,,,웃음,,,
5일차 밤,카페,나루,...,,,일반,,,
5일차 밤,카페,나루,"뭐, 이 정도?",,,일반,,,
5일차 밤,카페,나루,나름 바쁘게 살고 있어요.,,,웃음,,,
5일차 밤,카페,솔,알차 보이네요.,,,웃음,,,
5일차 밤,카페,나루,"아, 솔이랑 간단한 안부 나누는 것도 제 생활 속 중요한 일 중 하나죠.",,,웃음,,,
5일차 밤,카페,솔,"하하, 그럼요. 저도 그거 때문에 출근하는걸요.",,,웃음,,,
5일차 밤,카페,나루,"푸핫, 솔은 장난도 참 잘 받아주네요. ",,,웃음,,,
5일차 밤,카페,나루,"아참, 이거 러스크 빵집 빵인데 먹으면서 일해요. ",,,일반,,,
5일차 밤,카페,나루,혼자 다 먹기엔 너무 많아서.,,,일반,,,
5일차 밤,카페,솔,"앗, 감사해요. 잘 먹을게요!",,,웃음,,,
5일차 밤,카페,나루,네~ 저는 바둑 두러 가야 해서요. 이만 가볼게요.,,,웃음,,,
5일차 밤,카페,솔,참 좋은 분이셔...,,,웃음,,,
5일차 밤,카페,,,,,,,,
5일차 밤,카페,가이,자네 안녕한가~ 내 긴장을 녹여줄 맛있는 음료로 부탁하네.,,,,밤 주문2,,
5일차 밤,카페,,음료제작창,,,,,,
5일차 밤,카페,가이,"그래서, 그 자가 나를 죽이려 하는 이유를 들었는가?", ,,일반,,,
5일차 밤,카페,솔,네…너무하셨던데요.,,,일반,,,
5일차 밤,카페,솔,첫 만남에 왜 그렇게 짓궂은 장난을 치셨어요.,,,웃음,,,
5일차 밤,카페,가이,장난? 아~ 그 탈부착 간 얘기 말인가?,,,일반,,,
5일차 밤,카페,가이,푸하하핫. 나는 그걸 믿을 줄 몰랐다네.,,,웃음,,,
5일차 밤,카페,가이,그 말을 하자마자 화를 낼 줄 알았지.,,,웃음,,,
5일차 밤,카페,가이,그런데 그걸 정말 믿더군.,,,일반,,,
5일차 밤,카페,가이,심지어는 빨리 다녀오라고 웃으며 얘기했다네.,,,웃음,,,
5일차 밤,카페,가이,"하하, 요즘 시대에 그리 순수한 영혼은 정말 흔치 않은데, 간만에 재미를 좀 봤다네~.",,,웃음,,,
5일차 밤,카페,가이,"아, 또 재밌는 사실 하나 알려줄까?",,,일반,,,
5일차 밤,카페,가이,저자가 나를 쫓은 지 꽤 되었는데 그동안 한 번도 해코지한 적이 없다네.,,,일반,,,
5일차 밤,카페,가이,껄껄. 저런 심성으로 도대체 어떻게 누구를 죽이겠다는 건지 모르겠다네!,,,일반,,,
5일차 밤,카페,솔,"네, 저도 그런 부분에서 슬로우 님과 대화하면서 좀 웃긴 했어요.",,,웃음,,,
5일차 밤,카페,솔,그래도… 간을 필요로 하는 이유를 들으니 좀… 마음이 무겁던데요.,,,당황,,,
5일차 밤,카페,가이,그건 그렇지. 아무래도 그 자가 사는 곳 내의 의술로는 별 진전이 없으니 그런 헛소문이 도는 것이겠지.,,,일반,,,
5일차 밤,카페,가이,그걸 저 순진한 자라가 깊게 믿어버린 것이고. 사실 나도 그래서 말할 타이밍을 놓쳤다네.,,,당황,,,
5일차 밤,카페,가이,"그자에게는 이 헛소문이 마지막 희망일지도 모르는데, 그런 상황에",,,일반,,,
5일차 밤,카페,가이,‘자네가 믿는 그 소문은 사실 다 가짜라네. 토끼 간이니 뭐니 하는 것은 다 헛소리야.’,,,슬픔,,,
5일차 밤,카페,가이,라고 말할 수가 없었다네.,,,슬픔,,,
5일차 밤,카페,솔,…맞는 말이네요.,,,슬픔,,,
5일차 밤,카페,가이,"…큼, 용왕이라는 자의 병세가 나아지길 빌면서 같이 어울려주는 것 외에는 할 수 있는 것이 없다네.",,,일반,,,
5일차 밤,카페,가이,그러니 자네도 그자에게 괜한 말 꺼내지 말아 주게나.,,,일반,,,
5일차 밤,카페,솔,"네, 무슨 말씀인지 알겠어요.",,,일반,,,
5일차 밤,카페,가이,오늘은 이만 가 보겠네. 수고하게나.,,,웃음,대사 이후 가이 상반신 일러스트 사라짐,,
5일차 밤,카페,,,,,,,,
5일차 밤,카페,솔,벌써 시간이 이렇게 됐네. 정리하자.,,,일반,,,
5일차 밤,카페,,,,,,카운터 벗어나서 다시 3인칭 시점으로 복귀,,
5일차 밤,재즈바,바이올렛,(음표),,,,플레이어가 해당 NPC에게 말을 걸면 진행,,
5일차 밤,재즈바,솔,바이올렛은 공연 때문에 바빠 보여,,,,,,
5일차 밤,재즈바,솔,방해하지 말자,,,,,,
5일차 밤,정원,레이비야크,...,,해당 맵 bgm,,플레이어가 해당 NPC에게 말을 걸면 진행,,
5일차 밤,정원,솔,무슨 생각을 저렇게 골똘히 하시는 걸까?,,,,,,
5일차 밤,빵집,러스크,Zzz...,,해당 맵 bgm,,플레이어가 해당 NPC에게 말을 걸면 진행,,
5일차 밤,빵집,솔,헉!,,,놀람,,,
5일차 밤,빵집,솔,아저씨가 운동을 안 하고 계셔...!,,,놀람,,,
5일차 밤,의무실,Mr.Ham,홀홀.....,,해당 맵 bgm,웃음,플레이어가 해당 NPC에게 말을 걸면 진행,,
5일차 밤,의무실,나루,...,,,,,,
5일차 밤,의무실,Mr.Ham,그런 수를 두다니...,,,웃음,,,
5일차 밤,의무실,솔,바둑 고수들의 대결인가...,,,당황,,,
6일차 아침,객실,솔,몸이 가벼운 것 같아. 오늘은 좀 일찍 출근할까...,,,웃음,,,
6일차 아침,객실,나레이션,띠띠띠-,,시계 알람 소리,,,,
6일차 아침,객실,솔,이것도 이제 필요 없겠는걸.,,,웃음,,,
6일차 아침,객실,나레이션,지금은 일할 시간이야.,,,,카페 외 다른 장소로 이동 시,,
6일차 낮,카페,,랜덤 등장인물 대면 주문 ,,,,낮 주문1,,
6일차 낮,카페,,룸서비스 주문 음료 제작 ,,,,룸서비스 주문1,,
6일차 낮,카페,,랜덤 등장인물 대면 주문 ,,,,낮 주문2,,
6일차 낮,카페,가이,자네 오늘도 수고가 많네. 음료 한 잔 주문하겠네.,,,일반,낮 주문3,,
6일차 낮,카페,,음료제작창,,,,,,
6일차 낮,카페,가이,오~ 이 음료 맛이 좋구만. 이런 건 어떻게 만드나?,,,일반,,,
6일차 낮,카페,솔,파이아 씨가 가져다 주시는데…,,,웃음,,,
6일차 낮,카페,나레이션,"가이와 솔이 이야기를 나누는 도중, 카페로 슬로우가 들어온다.",,,,,,
6일차 낮,카페,슬로우,안녕하… ,,,일반,,,
6일차 낮,카페,슬로우,반가운 얼굴이 있구만.,,,화남,,,
6일차 낮,카페,가이,"어이쿠, 큰일이군. 만나 버렸구만.",,,일반,,,
6일차 낮,카페,솔,"…어, 안녕하세요 슬로우 님.",,,일반,,,
6일차 낮,카페,나레이션,슬로우는 가이를 탐탁지 않은 표정으로 째려본다.,,,,,,
6일차 낮,카페,가이,우리 오랜만에 마주쳤는데 그렇게까지 노려보지 말게나.,,,일반,,,
6일차 낮,카페,가이,…아차! 혹시 간에 커피 향이 배일까 걱정하는 겐가?!,,,웃음,,,
6일차 낮,카페,가이,걱정하지 말게나 자네~ 오늘 안에 충분히 다 빠져나갈 것이야~ 껄껄껄.,,,웃음,,,
6일차 낮,카페,슬로우,그런 걱정 하지 않았다네! 시끄럽게 조잘대지 말게.,,,화남,,,
6일차 낮,카페,슬로우,커피 향이 배든 말든 지금이라도 당장 간을 가져갈 테니!,,,화남,,,
6일차 낮,카페,가이,아니 자네! 그렇게 상도덕도 없는 자라였단 말인가!,,,당황,,,
6일차 낮,카페,가이,지금 우리 커피 청년이 다 보고 있는데 여기서 그런 일을 거행하면 쓰겠나!,,,당황,,,
6일차 낮,카페,슬로우,...,,,당황,,,
6일차 낮,카페,슬로우,"…자네, 잠시 눈을 감게.",,,화남,,,
6일차 낮,카페,가이,커피 청년만 눈을 감으면 될 일이 아닐세!,,,당황,,,
6일차 낮,카페,가이,카페 내에서 여유롭게 커피 한 잔의 여유를 가지던 손님들은 무슨 죄인가 생각해 보게!,,,당황,,,
6일차 낮,카페,가이,저자들도 토끼 피를 보면서 커피를 즐기고 싶지는 않을 게야!,,,당황,,,
6일차 낮,카페,슬로우,...,,,당황,,,
6일차 낮,카페,슬로우,…아주 맞는 말만 해 대는군 자네는!,,,화남,,,
6일차 낮,카페,슬로우,카페 밖에서 만나게 되면 정말 각오하게!,,,화남,,,
6일차 낮,카페,슬로우,그땐 자네가 어떤 말을 해도 봐주지 않을 테니까!,,,화남,,,
6일차 낮,카페,나레이션,슬로우는 분해 보이는 표정으로 카페를 떠난다.,,,,,,
6일차 낮,카페,가이,"…풉, 푸하학!",,,웃음,,,
6일차 낮,카페,나레이션,가이는 슬로우가 떠나고 나서도 한참을 웃는다.,,,,,,
6일차 낮,카페,가이,자네… 내가 왜 저자를 놀리는지 알겠나? 몇 마디 던지면 아주 반응이 월척이라네. 지루할 틈이 없지.,,,웃음,,,
6일차 낮,카페,솔,"네, 조금씩 이해가 가네요...",,,일반,,,
6일차 낮,카페,나레이션,"그때, 룸 서비스 주문 알림이 들려온다. ",,룸서비스 효과음,,,,
6일차 낮,카페,바이올렛,슬로우 씨 주문이야! ,,,일반,,,
6일차 낮,카페,솔,"푸하핫, 뭔가가 엄청 드시고 싶으셨나 봐요.",,,웃음,,,
6일차 낮,카페,나레이션,슬로우의 룸서비스 주문을 본 가이는 웃음을 참지 못한다.,,,,,,
6일차 낮,카페,나레이션,솔도 새어 나오는 웃음을 참지 못한 채 음료를 만들기 시작한다.,,,,,,
6일차 낮,카페,,룸서비스 주문 음료 제작 ,,,,룸서비스 주문2  (이건 슬로우 주문으로 고정),,
6일차 낮,카페,바이올렛,달링~ 이제 내 시간이야!,,재즈바 bgm,윙크,,,
6일차 낮,카페,,랜덤 등장인물 대면 주문 ,,,,밤 주문1,,
6일차 낮,카페,,랜덤 등장인물 대면 주문 ,,,,밤 주문2,,
6일차 낮,카페,,,,,,,,
6일차 낮,카페,솔,오늘도 열심히 일한 것 같아. 뿌듯하네.,,,웃음,카운터 벗어나서 3인칭으로 복귀,,
6일차 밤,정원,레이비야크,...,,해당 맵 bgm,,,,
6일차 밤,정원,솔,무슨 생각을 저렇게 골똘히 하시는 걸까?,,,,,,
6일차 밤,카페2,바이올렛,(음표),,해당 맵 bgm,,,,
6일차 밤,카페2,솔,바이올렛은 공연 때문에 바빠 보여,,,,,,
6일차 밤,카페2,솔,방해하지 말자,,,,,,
6일차 밤,빵집,러스크,백만 스물 하나. 백만 스물 둘.,,해당 맵 bgm,,,,
6일차 밤,빵집,러스크,아저씨는 운동하시느라 바빠 보여,,,,,,
6일차 밤,빵집,러스크,방해하지 말자...,,,,,,
6일차 밤,의무실,Mr.Ham,Zzz...,,해당 맵 bgm,,,,
6일차 밤,의무실,Mr.Ham,흠냐흠냐....오늘은 어떤 침을...,,,,,,
6일차 밤,의무실,솔,지금 선생님을 깨웠다가는 무서운 침을 맞게 될지도...,,,,,,
7일차 아침,객실,솔,(음표),,새소리,,,,
7일차 아침,객실,솔,새 소리가 아름다워. 계속 듣고 싶어...,,,웃음,,,
7일차 아침,객실,솔,어? 언제 시간이...! 손님들이 기다리시겠어!,,,놀람,,,
7일차 아침,객실,나레이션,손님들이 기다리실 거야.,,,,카페 외 다른 장소로 이동 시,,
7일차 낮,카페,,랜덤 등장인물 대면 주문 ,,,,낮 주문1,,
7일차 낮,카페,,랜덤 등장인물 대면 주문 ,,,,낮 주문2,,
7일차 낮,카페,,룸서비스 주문 음료 제작 ,,,,룸서비스 주문1,,
7일차 낮,카페,,랜덤 등장인물 대면 주문 ,,,,낮 주문3,,
7일차 낮,카페,,룸서비스 주문 음료 제작 ,,,,룸서비스 주문2,,
7일차 낮,카페,바이올렛,달링~ 조명 바꿀게~,,재즈바 bgm,윙크,,,
7일차 밤,카페,,랜덤 등장인물 대면 주문 ,,,,밤 주문1,,
7일차 밤,카페,슬로우,"흠, 이걸로 부탁하네.",,,일반,밤 주문2,,
7일차 밤,카페,,음료제작창,,,,,,
7일차 밤,카페,슬로우,"그자와 마주치기 위해 오늘은 원래보다도 늦게 카페에 왔는데, 만나기가 힘들구만.",,,화남,,,
7일차 밤,카페,솔,두 분은 참 우연히 안 마주치시네요.,,,일반,,,
7일차 밤,카페,슬로우,"흥, 그자도 참 운이 좋구만.",,,화남,,,
7일차 밤,카페,솔,"…그나저나 슬로우 님, 용왕님의 현재 상태는 어떻다던가요?",,,슬픔,,,
7일차 밤,카페,슬로우,...,,,일반,,,
7일차 밤,카페,슬로우,…점점 악화되고 있는 것 같네. 내가 더 노력해야만 하네.,,,슬픔,,,
7일차 밤,카페,솔,…혹시 토끼 간 외에 다른 방법은 없나요? 다른 소문이 들려오거나 하지는...,,,슬픔,,,
7일차 밤,카페,슬로우,현재 용궁에 전해지는 방법들은 거의 다 시도해 봤다네.,,,일반,,,
7일차 밤,카페,슬로우,남은 건 토끼 간과 신화에서 등장하는 불사조의 꽃 뿐일세.,,,일반,,,
7일차 밤,카페,슬로우,그러나 후자의 것은 정말 고대 용궁 신화에서만 등장하는 것이라 아마 허구의 것일 가능성이 높지.,,,일반,,,
7일차 밤,카페,슬로우,나에겐 토끼의 간뿐이라네.,,,슬픔,,,
7일차 밤,카페,솔,...,,,슬픔,,,
7일차 밤,카페,슬로우,...,,,일반,,,
7일차 밤,카페,나레이션,카페 내에 무거운 분위기가 맴돈다.,,,,,,
7일차 밤,카페,슬로우,...용궁에서는 계속해서 안 좋은 소식이 들려오고 내가 할 수 있는 일은 하나뿐이네.,,,일반,,,
7일차 밤,카페,슬로우,토끼의 간을 구해 돌아가는 것만이 내가 택할 수 있는 유일한 길이라네.,,,슬픔,,,
7일차 밤,카페,슬로우,"하하, 어쩌면 그자와 내가 자주 마주치지 않는 건, ",,,일반,,,
7일차 밤,카페,슬로우,내가 무의식중에 그자와 정드는 걸 피해 왔기 때문일지도 모르겠다는 생각이 드는군.,,,슬픔,,,
7일차 밤,카페,슬로우,정을 붙이면 나중에 내가 더 힘들어질 테니.,,,일반,,,
7일차 밤,카페,슬로우,나는 나쁘고 이기적이고 잔혹한 자라일세. 욕먹어야 마땅하다네.,,,일반,,,
7일차 밤,카페,솔,슬로우 님이 해 오셨을 고뇌가 느껴진다. 눈동자에는 괴로움이 비친다.,,,당황,혼잣말 (연한 글씨색),,
7일차 밤,카페,솔,나는 슬로우 님의 말에 어떠한 대답도 꺼낼 수가 없다.,,,당황,혼잣말 (연한 글씨색),,
7일차 밤,카페,솔,"그 소문이 터무니없는 가짜일 것이라는 말도, 짤막한 위로도 전할 수 없다.",,,당황,혼잣말 (연한 글씨색),,
7일차 밤,카페,나레이션,슬로우는 짧은 인사를 남기고 떠난다. ,,,,,,
7일차 밤,카페,솔,...내가 뭔가 도와드릴 수는 없을까?,,,일반,,,
7일차 밤,카페,솔,...후,,,,,,
7일차 밤,카페,솔,오늘은...일단 여기서 정리하자.,,,당황,카운터 벗어나서 3인칭으로 복귀,,
7일차 밤,정원,나레이션,나루와 레이비야크가 함께 정원을 거닐며 산책을 하고 있다.,,해당 맵 bgm,,플레이어가 정원에 들어오면 자동 진행,,
7일차 밤,정원,레이비야크,...그랬군요.,,,일반,,,
7일차 밤,정원,나루,"응, 그래서...",,,웃음,,,
7일차 밤,정원,레이비야크,?,,,일반,,,
7일차 밤,정원,레이비야크,"오, 안녕하세요, 솔. ",,,일반,,,
7일차 밤,정원,나루,안녕하세요. 퇴근하는 길인가요?,,,웃음,,,
7일차 밤,정원,솔,"...네, 두분은 산책 중이신가 보네요.",,,일반,,,
7일차 밤,정원,레이비야크,...,,,슬픔,,,
7일차 밤,정원,레이비야크,뭔가 고민이 있어 보이네요. 마음이 편안하지 않아 보이고.,,,일반,,,
7일차 밤,정원,솔,!,,,놀람,,,
7일차 밤,정원,레이비야크,정답인가요?,,,웃음,,,
7일차 밤,정원,레이비야크,여기서 생각 정리를 하고 자러 가는 게 좋겠어요.,,,일반,,,
7일차 밤,정원,레이비야크,과도한 생각은 수면의 질을 떨어트리거든요.,,,일반,,,
7일차 밤,정원,레이비야크,편하게 있다 가요.,,,웃음,,,
7일차 밤,객실,나레이션,잠에 들기에는 너무 이른 시간이다.,,,,플레이어가 나루/레이비야크에게 다시 말을 걸지 않고 다음 날로 넘어가려 할 경우,,
7일차 밤,정원,나루,음... 주제넘게 조금 참견해도 될까요?,,,일반,플레이어가 나루/레이비야크에게 다시 말을 걸면 진행,,
7일차 밤,정원,나루,나랑 레이비야크는 이야기 듣는 거 좋아해요.,,,일반,,,
7일차 밤,정원,나루,우리한테 고민을 털어놔 보는 건?,,,웃음,,,
7일차 밤,정원,솔,...,,,당황,,,
7일차 밤,해피엔딩 선택지,솔,...조금 긴 이야기지만 들어주시겠어요?,,,슬픔,해피엔딩으로 이어짐(438부터),,
7일차 밤,배드엔딩 선택지,솔,제 이야기가 아니라서 말씀드리기가 조금...,,,당황,배드엔딩으로 이어짐(579부터),,
"해피엔딩, 7일차 밤",정원,나레이션,"솔은 슬로우와 가이의 이야기를 둘에게 전하며,",,,,,,
"해피엔딩, 7일차 밤",정원,나레이션,자신은 슬로우와 가이의 사이가 더이상 나빠지지 않길 바라고 있지만,,,,,,
"해피엔딩, 7일차 밤",정원,나레이션,용왕의 상태를 고치는 것만이 해답인 상황이며,,,,,,
"해피엔딩, 7일차 밤",정원,나레이션,"그것과 관련해서도 솔 자신이 할 수 있는 일이 없다는 사실에 고민을 하고 있었다고,",,,,,,
"해피엔딩, 7일차 밤",정원,나레이션,빠짐없이 솔직하게 털어놓는다.,,,,,,
"해피엔딩, 7일차 밤",정원,나루,"음...확실히, 토끼 간이나 불사조의 꽃이나 모두 가망 없는 미신으로 들리네요.",,,일반,,,
"해피엔딩, 7일차 밤",정원,레이비야크,"...저도 일평생 희귀 식물과 함께했으나, 불사조의 꽃이라는 건 들어본 적 없군요.",,,일반,,,
"해피엔딩, 7일차 밤",정원,나루,참 어려운 문제네요. 마음도 아프고.,,,일반,,,
"해피엔딩, 7일차 밤",정원,솔,...네.,,,슬픔,,,
"해피엔딩, 7일차 밤",정원,레이비야크,"아, 혹시 모르니 Mr.Ham 선생님께도 한번 여쭤보시는 게 어떨까요.",,,일반,,,
"해피엔딩, 7일차 밤",정원,레이비야크,의료 분야에서 전문가이시니까요.,,,웃음,,,
"해피엔딩, 7일차 밤",정원,솔,"앗, 그 생각을 못 해봤네요. 지금 당장 가봐야겠어요!",,,놀람,,,
"해피엔딩, 7일차 밤",정원,솔,두 분 모두 같이 고민해주셔서 감사합니다.,,,일반,,,
"해피엔딩, 7일차 밤",카페2,,,,bgm x,,카페 맵에 아무도 없게 설정해주세요! ,,
"해피엔딩, 7일차 밤",빵집,러스크,뭐라고?,,해당 맵 bgm,,플레이어가 러스크에게 말을 걸면 진행,,
"해피엔딩, 7일차 밤",빵집,러스크,용...용왕? 용왕의 병에 대해서 뭔가 아느냐고?,,,당황,,,
"해피엔딩, 7일차 밤",빵집,러스크,"...그, 솔.",,,,,,
"해피엔딩, 7일차 밤",빵집,러스크,"나는 근육, 단백질, 탄수화물, 제빵. 이것들밖에 모른다. 진심으로.",,,,,,
"해피엔딩, 7일차 밤",의무실,Mr.Ham,Zzz...,,해당 맵 bgm,,플레이어가 Mr.Ham에게 말을 걸면 진행,,
"해피엔딩, 7일차 밤",의무실,솔,선생님!! 죄송하지만 일어나주세요!!,,,,,,
"해피엔딩, 7일차 밤",의무실,Mr.Ham,Zzz...,,,,,,
"해피엔딩, 7일차 밤",의무실,솔,선생님!!!!!!!!!!!!,,,,,,
"해피엔딩, 7일차 밤",의무실,Mr.Ham,!!!,,찍(쥐소리),놀람,,,
"해피엔딩, 7일차 밤",의무실,Mr.Ham,"츄릅, 아니 무슨 일인가, 이 시간에?!",,,놀람,,,
"해피엔딩, 7일차 밤",의무실,Mr.Ham,어디 아픈겐가? 누가 다친게야?!,,,놀람,,,
"해피엔딩, 7일차 밤",의무실,Mr.Ham,당장 출발하세! 앞장 서게!,,찍(쥐소리),화남,,,
"해피엔딩, 7일차 밤",의무실,솔,아뇨아뇨아뇨!,,,놀람,,,
"해피엔딩, 7일차 밤",의무실,솔,그게 아니라 급하게 뭐 좀 여쭈어보려고요!,,,놀람,,,
"해피엔딩, 7일차 밤",의무실,Mr.Ham,... ,,,화남,,,
"해피엔딩, 7일차 밤",의무실,Mr.Ham,"늙은이의 단잠을 깨울만큼 급한 게 아니라면, 자네는 전신 대침을 맞을 준비를 하게...",,,화남,,,
"해피엔딩, 7일차 밤",의무실,Mr.Ham,말해보게나.,,,화남,,,
"해피엔딩, 7일차 밤",의무실,솔,혹시...,,,일반,,,
"해피엔딩, 7일차 밤",의무실,나레이션,솔은 가이의 말을 토대로 용왕의 병세를 설명한다.,,,,,,
"해피엔딩, 7일차 밤",의무실,솔,"이런- 병을 앓고 계신데, 이거 치료할 방법이 정말 없는 건가요?",,,슬픔,,,
"해피엔딩, 7일차 밤",의무실,솔,"정말 토끼의 간이라던가, 불사조의 꽃 같은 미신에 기대어야 하나요?",,,슬픔,,,
"해피엔딩, 7일차 밤",의무실,Mr.Ham,예끼! 지금이 어느 땐데 토끼 간 같은 소리를 하나! 큰일날 소리 하지 말게.,,,화남,,,
"해피엔딩, 7일차 밤",의무실,Mr.Ham,...,,,일반,,,
"해피엔딩, 7일차 밤",의무실,Mr.Ham,불사조의 꽃...? 흠...,,,일반,,,
"해피엔딩, 7일차 밤",의무실,Mr.Ham,흠...,,,일반,,,
"해피엔딩, 7일차 밤",의무실,나레이션,생각을 하시는 건지 졸고 계시는 건지... 미간을 찌푸린 채로 미동도 없다.,,,,,,
"해피엔딩, 7일차 밤",의무실,Mr.Ham,아하~ 뭔지 알겠구먼.,,빤짝 효과음,웃음,,,
"해피엔딩, 7일차 밤",의무실,솔,네?????? 불사조의 꽃이 뭔지 아신다고요???,,,놀람,,,
"해피엔딩, 7일차 밤",의무실,Mr.Ham,그려그려. 아무리 신화에서 나온 거라고 해도 말이야...,,,웃음,,,
"해피엔딩, 7일차 밤",의무실,Mr.Ham,신화도 결국에는 사람이 쓴 거거든.,,,웃음,,,
"해피엔딩, 7일차 밤",의무실,Mr.Ham,그런 비슷한 무언가가 있었기 때문에 그런걸 신화에 쓸 수 있었던 게지.,,,웃음,,,
"해피엔딩, 7일차 밤",의무실,Mr.Ham,"그리고 이몸이 누구신가?, 명의 중에 명의 Mr.Ham일세.",,,웃음,,,
"해피엔딩, 7일차 밤",의무실,솔,...,,,당황,,,
"해피엔딩, 7일차 밤",의무실,Mr.Ham,아마 달바라기 꽃을 신화에서는 불사조의 꽃으로 묘사한 것 같네.,,,일반,,,
"해피엔딩, 7일차 밤",의무실,Mr.Ham,달바라기꽃은 아주 희귀한 꽃이긴 해도 못 구할 정도는 아니지! ,,,웃음,,,
"해피엔딩, 7일차 밤",의무실,Mr.Ham,그걸 ~$#%~하고 !!!#해서 @#$방식으로 제조하면 약이 되지.,,,웃음,,,
"해피엔딩, 7일차 밤",의무실,솔,...네?,,,당황,,,
"해피엔딩, 7일차 밤",의무실,Mr.Ham,...자네 표정을 보아하니 하나도 못 알아들었군그래.,,,당황,,,
"해피엔딩, 7일차 밤",의무실,Mr.Ham,"흠, 용왕이 어디에 산다고?",,,일반,,,
"해피엔딩, 7일차 밤",의무실,솔,가이웰...이요.,,,일반,,,
"해피엔딩, 7일차 밤",의무실,Mr.Ham,별로 멀지는 않군. 차원 하나만 열면 돼.,,,일반,,,
"해피엔딩, 7일차 밤",의무실,솔,차원은 쉽게 열 수 있나요?,,,일반,,,
"해피엔딩, 7일차 밤",의무실,Mr.Ham,"으응, 아니? ",,,일반,,,
"해피엔딩, 7일차 밤",의무실,Mr.Ham,그치만 어쩔겨! 생명을 살리러 간다는데 무슨 수를 써서라도 열어야지!,,,화남,,,
"해피엔딩, 7일차 밤",의무실,솔,?...직접 가시게요?,,,놀람,,,
"해피엔딩, 7일차 밤",의무실,Mr.Ham,그럼! 의사가 가서 환자 상태를 정확히 보고 진단을 내려야지.,,,웃음,,,
"해피엔딩, 7일차 밤",의무실,Mr.Ham,내가 약을 만들어 용왕에게 가져가도록 하겠네.,,,,,,
"해피엔딩, 7일차 밤",의무실,Mr.Ham,달바라기꽃만 하나 있으면 금방 해결될 문제인데...,,,일반,,,
"해피엔딩, 7일차 밤",의무실,Mr.Ham,흠... 레이비에게 혹시 꽃을 가지고 있는지 물어보게. 있다면 한 송이 빌려오고.,,,일반,,,
"해피엔딩, 7일차 밤",의무실,Mr.Ham,없다면... 그 치타 선생에게 부탁해야 하나.,,,,,,
"해피엔딩, 7일차 밤",의무실,솔,...네! 제가 지금 다녀올게요! 금방 올 테니까 조금만 기다려주세요 선생님! ,,,,대사 이후 정원으로 자동 이동,,
"해피엔딩, 7일차 밤",정원,나루,솔? 왜이렇게 뛰어와요. 선생님께서 뭐라고 하시던가요?,,해당 맵 bgm,놀람,,,
"해피엔딩, 7일차 밤",정원,솔,레이비야크 님!!!!,,,,,,
"해피엔딩, 7일차 밤",정원,레이비야크,네? ,,,놀람,,,
"해피엔딩, 7일차 밤",정원,솔,달바라기 꽃이에요!!,,,,,,
"해피엔딩, 7일차 밤",정원,솔,불사조의 꽃은 달바라기 꽃을 말하는 거였어요.,,,,,,
"해피엔딩, 7일차 밤",정원,솔,혹시...!,,,,,,
"해피엔딩, 7일차 밤",정원,레이비야크,정말인가요? ,,,놀람,,,
"해피엔딩, 7일차 밤",정원,레이비야크,우리 정원에는 달바라기 꽃이 꽤나 많이 자라고 있어요.,,,웃음,,,
"해피엔딩, 7일차 밤",정원,솔,희귀한 꽃이라고 하셨는데....,,,,,,
"해피엔딩, 7일차 밤",정원,레이비야크,맞아요. 이 정원 밖에서는 아마 찾기 힘들 거예요.,,,웃음,,,
"해피엔딩, 7일차 밤",정원,레이비야크,제가 정성을 들여 키워내는 거라서요. 예민해서 쉽게 죽어버리는 아이들이거든요.,,,일반,,,
"해피엔딩, 7일차 밤",정원,레이비야크,"솔, 몇 송이 필요해요? 어서 가져가요.",,,웃음,,,
"해피엔딩, 7일차 밤",정원,나레이션,솔은 레이비야크가 소중히 키운 꽃을 품에 안고 의무실로 돌아간다.,검은 화면,,,,,
"해피엔딩, 7일차 밤",정원,나레이션,"그사이에 잠든 의사 선생님을 다시 깨운 후,",검은 화면,,,,,
"해피엔딩, 7일차 밤",정원,나레이션,약을 지금 당장 만들어달라고 부탁한다.,검은 화면,,,,,
"해피엔딩, 7일차 밤",의무실,Mr.Ham,"거참, 젊은이가 성격도 급하구만.",의무실,해당 맵 bgm,일반,,,
"해피엔딩, 7일차 밤",의무실,Mr.Ham,약이 무슨 뚝딱-하면 완성되는 줄 아는가...,의무실,,일반,,,
"해피엔딩, 7일차 밤",의무실,Mr.Ham,내가 알아서 잘 만들어서 하루빨리 가이웰로 출발할테니,의무실,,일반,,,
"해피엔딩, 7일차 밤",의무실,Mr.Ham,이제 제발 나 좀 자게 두게!!!!,검은 화면,찍(쥐소리),화남,,,
"해피엔딩, 7일차 밤",의무실,나레이션,의무실에서 쫓겨난 솔은 가벼운 마음으로 잠자리에 든다.,검은 화면,쿵(문세게닫는소리),,,,
"해피엔딩, 7일차 밤",의무실,나레이션,슬로우 님과 가이 님...서로 잘 지내셨으면 좋겠어.,검은 화면,,,,,
"해피엔딩, 8일차 아침",객실,솔,커튼 틈새로 들어온 빛에 잠이 달아난다.,,,일반,혼잣말 (연한 글씨),,
"해피엔딩, 8일차 아침",객실,솔,...으음,,,일반,,,
"해피엔딩, 8일차 아침",객실,솔,아! 빨리 슬로우 님께 알려드리러 가야겠어.,,,놀람,,,
"해피엔딩, 8일차 아침",객실,나레이션,카페로 가자.,,,,카페 외 다른 장소로 이동 시,,
"해피엔딩, 8일차 아침",카페,나레이션,오픈도 하기 전인 카페에 슬로우가 홀로 서 있다.,,해피엔딩 bgm,,카페에 들어가자마자 진행,,
"해피엔딩, 8일차 아침",카페,솔,슬로우 님?,,,,,,
"해피엔딩, 8일차 아침",카페,슬로우,"자네, 나 결심했네. 토끼의 간을 내일 훔치고 말 것이야.",,,당황,,,
"해피엔딩, 8일차 아침",카페,슬로우,방금 용왕님이 정말 위독한 상태라고 전달받았다네.,,,당황,,,
"해피엔딩, 8일차 아침",카페,슬로우,내가 더 지체했다가는 정말로 큰일 나겠어.,,,당황,,,
"해피엔딩, 8일차 아침",카페,솔,"슬로우 님, 제 말 좀 들어 보실래요?",,,웃음,,,
"해피엔딩, 8일차 아침",카페,슬로우,...무슨?,,,당황,,,
"해피엔딩, 8일차 아침",카페,나레이션,솔은 간밤에 있었던 자초지종을 모두 슬로우에게 설명한다.,,,,,,
"해피엔딩, 8일차 아침",카페,슬로우,...,,,,,,
"해피엔딩, 8일차 아침",카페,슬로우,"그럼, 토, 아니 가이의 간을 빼내지 않아도 된다는 말인가?",,,놀람,,,
"해피엔딩, 8일차 아침",카페,슬로우,정말 다른 방법이 존재한다는 것이지?,,,당황,,,
"해피엔딩, 8일차 아침",카페,솔,네... 애초에 그 방법은 미신일 가능성이 커요.,,,,,,
"해피엔딩, 8일차 아침",카페,나레이션,"솔과 슬로우가 대화를 나누는 도중, 가이가 카페로 들어온다.",,,,,,
"해피엔딩, 8일차 아침",카페,가이,"어이쿠 이런, 실례하...",,,,,,
"해피엔딩, 8일차 아침",카페,슬로우,자네.,,,,,,
"해피엔딩, 8일차 아침",카페,슬로우,자네도 이리로 오게.,,,,,,
"해피엔딩, 8일차 아침",카페,나레이션,당황한 표정을 하고서는 솔과 슬로우에게로 다가오는 가이.,,,,,,
"해피엔딩, 8일차 아침",카페,슬로우,...자네도 알고 있었나? 모두 미신이라는 걸?,,,,,,
"해피엔딩, 8일차 아침",카페,가이,...,,,놀람,,,
"해피엔딩, 8일차 아침",카페,가이,...커피 청년. 전부 말한 겐가?,,,화남,,,
"해피엔딩, 8일차 아침",카페,솔,"! 아니에요. 그게 아니라, 다른 방법을 찾았어요. ",,,놀람,,,
"해피엔딩, 8일차 아침",카페,가이,!!!,,,놀람,,,
"해피엔딩, 8일차 아침",카페,가이,정말인가?,,,웃음,,,
"해피엔딩, 8일차 아침",카페,슬로우,그렇다네. 이 청년이 나를 위해 고생해 주었네.,,,,,,
"해피엔딩, 8일차 아침",카페,솔,슬로우 님만을 위한 것이 아니라,,,,,,
"해피엔딩, 8일차 아침",카페,솔,슬로우 님과 가이 님 모두를 위한 거예요.,,,,,,
"해피엔딩, 8일차 아침",카페,솔,이제 더이상 싸우지 않으셨으면 해서...,,,,,,
"해피엔딩, 8일차 아침",카페,가이,"...하하, 이것 참 어떻게 감사를 표현해야 할지...",,,당황,,,
"해피엔딩, 8일차 아침",카페,슬로우,...고맙네.,,,,,,
"해피엔딩, 8일차 아침",카페,슬로우,그리고,,,,,,
"해피엔딩, 8일차 아침",카페,슬로우,가이 자네에게는…자네에게는 정말 미안하네. ,,,,,,
"해피엔딩, 8일차 아침",카페,슬로우,용왕님의 병을 낫게 한다는 목적에만 정신 팔려 사실 확인도 하지 않고 정신 나간 짓을 저지르려고 한 것 같네.,,,,,,
"해피엔딩, 8일차 아침",카페,슬로우,다시 한번 사과하겠…,,,,,,
"해피엔딩, 8일차 아침",카페,가이,푸하핫. 그만하게나.,,,웃음,,,
"해피엔딩, 8일차 아침",카페,가이,나는 되려 자네가 나를 따라다니며 즐겁게 해 준 것에 대해 고마워하고 있네.,,,웃음,,,
"해피엔딩, 8일차 아침",카페,슬로우,...,,,당황,,,
"해피엔딩, 8일차 아침",카페,슬로우,"자네도 정신이 나간 게로군. 나는 자네를 죽이려 했는데, 그것이 즐거웠는가?",,,일반,,,
"해피엔딩, 8일차 아침",카페,가이,자네 성격에 그런 짓을 못 할 거라는 걸 알고 있었으니 마냥 웃기기만 했다네.,,,웃음,,,
"해피엔딩, 8일차 아침",카페,가이,지금까지 자네가 나에게 실제로 해코지한 것이 있기는 한가? 항상 어린애같이 시비만 걸지 않았나.,,,웃음,,,
"해피엔딩, 8일차 아침",카페,슬로우,...,,,당황,,,
"해피엔딩, 8일차 아침",카페,슬로우,그래도 사과해야 맞는 일일세.,,,일반,,,
"해피엔딩, 8일차 아침",카페,가이,…나보다도 자네가 고생했을 게야. 맞지도 않는 잔혹한 일을 하려고 골머리를 앓았겠지.,,,일반,,,
"해피엔딩, 8일차 아침",카페,가이,자네가 그렇게나 나에게 미안하다면 앞으로도 재롱잔치나 더 보여 주게나. ,,,일반,,,
"해피엔딩, 8일차 아침",카페,슬로우,"…자네도 참, 말을 얄밉게 하는 데에는 아주 도가 텄군.",,,웃음,,,
"해피엔딩, 8일차 아침",카페,슬로우,나오려던 눈물이 쏙 들어가는구만.,,,웃음,,,
"해피엔딩, 8일차 아침",카페,솔,"슬로우 님, 이제 Mr.Ham 선생님께 가보셔야 할 것 같아요.",,,,,,
"해피엔딩, 8일차 아침",카페,슬로우,그렇지! 나는 가 보겠네. 자네들 나중에 봅세!,,,당황,,,
"해피엔딩, 8일차 아침",카페,나레이션,슬로우는 의무실 방향으로 달려 나간다. ,,,,,,
"해피엔딩, 8일차 아침",카페,가이,껄껄. 자네에게는 정말 고맙네. 하마터면 저런 엉뚱하고 재밌는 친구를 잃을 뻔했구만.,,,웃음,,,
"해피엔딩, 8일차 아침",카페,나레이션,가이도 호탕하게 웃으며 자리를 떠난다.,,,,,,
"해피엔딩, 8일차 아침",카페,솔,...정말 다행이야.,,,웃음,,,
"배드엔딩, 7일차 밤",정원,나루,"아, 그렇군요. ",,정원 bad ending ver.,,검은 화면에 흰 글씨,,
"배드엔딩, 7일차 밤",정원,레이비야크 ,타인의 이야기를 하는 건 조심스러울 수 있겠네요.,,,당황,1인칭,,
"배드엔딩, 7일차 밤",정원,레이비야크 ,"저희는 신경쓰지 마시고, 편히 쉬세요.",,,,,,
"배드엔딩, 7일차 밤",정원,레이비야크 ,"네, 그래서 제가...",,,,"이후, 플레이어가 계속해서 말을 걸 때 반복",,
"배드엔딩, 7일차 밤",정원,나루,"응응, 아~",,,,,,
"배드엔딩, 7일차 밤",카페2,바이올렛,(음표),,해당 맵 bgm,,플레이어가 해당 NPC에게 말을 걸면 진행,,
"배드엔딩, 7일차 밤",카페2,솔,바이올렛은 공연 때문에 바빠 보여,,,,,,
"배드엔딩, 7일차 밤",카페2,솔,...,,,,,,
"배드엔딩, 7일차 밤",카페2,솔,방해하지 말자.,,,,,,
"배드엔딩, 7일차 밤",빵집,러스크,백만 스물 하나. 백만 스물 둘.,,해당 맵 bgm,,플레이어가 해당 NPC에게 말을 걸면 진행,,
"배드엔딩, 7일차 밤",빵집,러스크,아저씨도 바빠 보여.,,,,,,
"배드엔딩, 7일차 밤",빵집,러스크,...,,,,,,
"배드엔딩, 7일차 밤",의무실,Mr.Ham,Zzz...,,해당 맵 bgm,,플레이어가 해당 NPC에게 말을 걸면 진행,,
"배드엔딩, 7일차 밤",의무실,솔,...,,,,,,
"배드엔딩, 8일차 아침",객실,솔,커튼 틈새로 들어온 빛에 잠이 달아난다.,,,일반,혼잣말 (연한 글씨),,
"배드엔딩, 8일차 아침",객실,솔,...으음,,,일반,,,
"배드엔딩, 8일차 아침",객실,솔,출근하자...,,,일반,,,
"배드엔딩, 8일차 아침",객실,나레이션,지금은 일할 시간이야.,,,,카페 외 다른 장소로 이동 시,,
"배드엔딩, 8일차 아침",카페,나레이션,오픈도 하기 전인 카페에 슬로우가 홀로 서 있다.,,배드엔딩 bgm,,카페에 들어가자마자 진행,,
"배드엔딩, 8일차 아침",카페,솔,슬로우 님?,,,놀람,,,
"배드엔딩, 8일차 아침",카페,슬로우,"자네, 나 결심했네. 토끼의 간을 내일 훔치고 말 것이야.",,,당황,,,
"배드엔딩, 8일차 아침",카페,슬로우,방금 용왕님이 정말 위독한 상태라고 전달받았다네.,,,당황,,,
"배드엔딩, 8일차 아침",카페,슬로우,내가 더 지체했다가는 정말로 큰일 나겠어.,,,당황,,,
"배드엔딩, 8일차 아침",카페,솔,...,,,슬픔,,,
"배드엔딩, 8일차 아침",카페,나레이션,솔은 할 말을 잃고 굳어 버린다.,,,,,,
"배드엔딩, 8일차 아침",카페,슬로우,...그동안 고마웠네.,,,슬픔,,,
"배드엔딩, 8일차 아침",카페,나레이션,슬로우는 어두운 표정으로 카페를 떠난다. ,,,,,,
"배드엔딩, 8일차 낮",카페,,랜덤 등장인물 대면 주문 ,,,,낮 주문1,,
"배드엔딩, 8일차 낮",카페,,랜덤 등장인물 대면 주문 ,,,,낮 주문2,,
"배드엔딩, 8일차 낮",카페,,룸서비스 주문 음료 제작 ,,,,룸서비스 주문1,,
"배드엔딩, 8일차 낮",카페,,랜덤 등장인물 대면 주문 ,,,,낮 주문3,,
"배드엔딩, 8일차 낮",카페,,룸서비스 주문 음료 제작 ,,,,룸서비스 주문2,,
"배드엔딩, 8일차 낮",카페,바이올렛,달링~...오늘 몸이 좀 안 좋아? 안색이 안 좋네...,,,일반,,,
"배드엔딩, 8일차 낮",카페,바이올렛,"...음, 조명 바꿀게~?",,,당황,,,
"배드엔딩, 8일차 밤",카페,,랜덤 등장인물 대면 주문 ,,,,밤 주문1,,
"배드엔딩, 8일차 밤",카페,가이,"응, 솔! 음료 한 잔 주...",,,,,,
"배드엔딩, 8일차 밤",카페,나레이션,"솔은 하루종일 가이만 기다렸다는 듯, 가이가 오자마자 슬로우의 이야기를 전한다. ",,,,,,
"배드엔딩, 8일차 밤",카페,가이,…뭐? 그자가 진정 임무를 수행한다고 했다고? 그자 성격에 그런 게 가능할 리가…,,,당황,,,
"배드엔딩, 8일차 밤",카페,솔,용왕님의 상태가 정말 긴급하다는 연락을 받으셨대요. ,,,당황,,,
"배드엔딩, 8일차 밤",카페,솔,말씀하시는 모습이... 전과는 조금 달라 보였어요.,,,슬픔,,,
"배드엔딩, 8일차 밤",카페,가이,…흠.,,,당황,,,
"배드엔딩, 8일차 밤",카페,가이,아무래도 이 놀이도 이제 끝나려는 모양이구만.,,,슬픔,,,
"배드엔딩, 8일차 밤",카페,가이,사실 나는 그자와 친구가 될 수 있지 않을까 생각했다네.,,,일반,,,
"배드엔딩, 8일차 밤",카페,가이,"그 나이에 토끼의 간이 있으면 용왕이 나을 거라는 헛소리를 믿고 나를 잡으러 다니는 것이, ",,,일반,,,
"배드엔딩, 8일차 밤",카페,가이,입으로는 나를 잡겠다고 삐죽대면서 ,,,일반,,,
"배드엔딩, 8일차 밤",카페,가이,사실은 마음이 여려 아무것도 못 하는 꼴이 꽤나 웃기고 재미있었다네.,,,일반,,,
"배드엔딩, 8일차 밤",카페,가이,그런 친구를 하나 두면 남은 생이 좀 더 재밌을 거라 생각했네.,,,일반,,,
"배드엔딩, 8일차 밤",카페,가이,"요것은 단단한 내 착각이었군그려, 하마터면 재미를 쫓다 목숨을 잃을 뻔했구만.",,,슬픔,,,
"배드엔딩, 8일차 밤",카페,가이,"아무튼 자네, 알려줘서 고맙네! 그리고 그동안 커피도 고마웠네~ 자네는 내 생명의 은인이야.",,,웃음,,,
"배드엔딩, 8일차 밤",카페,가이,나중에 내 간이 필요하면 찾아오게나! 자네에게는 슬쩍 꺼내줄지도 모른다네~ 껄껄껄.,,,웃음,,,
"배드엔딩, 8일차 밤",카페,나레이션,가이는 말을 끝내고 카페를 떠난다.,,,,대사 이후 객실로 자동 이동,,
"배드엔딩, 8일차 밤",카페,,,,,,,,
"배드엔딩, 8일차 밤",카페,나레이션,"그날 저녁, 열차에는 짤막한 방송이 울린다.",주인공 객실(밤),안내방송알림음,,,,
"배드엔딩, 8일차 밤",카페,나레이션,"아아, 기차 탑승하신 승객분들께 알립니다. 기차 연료의 고갈로 가장 가까운 역에서 잠시 긴급 정차할 예정입니다.",주인공 객실(밤),,,,,
"배드엔딩, 8일차 밤",카페,나레이션,"정차할 역은 일루나 역으로, 저희 기차의 정차 예정지에는 포함되어 있지 않은 곳입니다.",주인공 객실(밤),,,,,
"배드엔딩, 8일차 밤",카페,나레이션,예정지로 착각하여 하차하지 않도록 주의해 주십시오.,주인공 객실(밤),,,,,
"배드엔딩, 9일차 아침",카페,,,검은 화면,,,암전,,
"배드엔딩, 9일차 아침",카페,나레이션,"다음 날 아침, 가이가 묵었던 객실은 마치 아무도 없었다는 듯 깨끗한 상태로 비워져 있다.",검은 화면,새소리,,,,
"배드엔딩, 9일차 아침",카페,,,검은 화면,뛰는 발소리+딸랑 소리(카페에 들어오는 소리),,카페 카운터 안 1인칭으로 자동 전환,,
"배드엔딩, 9일차 아침",카페,슬로우,"헉, 허억...",카페 기본 화면,,당황,,,
"배드엔딩, 9일차 아침",카페,슬로우,"자네, 토끼가 어디로 갔는지 알고 있나?",,,화남,,,
"배드엔딩, 9일차 아침",카페,솔,‘…토끼의 간은 용왕의 병을 낫게 하는 데에 아무런 쓸모가 없다네.’,,,슬픔,,,
"배드엔딩, 9일차 아침",카페,슬로우,…자네 지금 뭐라고 했나?,,,당황,슬로우 상반신 일러스트 표정 변화,,
"배드엔딩, 9일차 아침",카페,솔,‘용왕의 병은 정말 안타깝네만 내가 도와줄 수 있는 것은 없네. 나도 먼 곳에서 쾌유를 빌겠네.,,,슬픔,솔에서,,
"배드엔딩, 9일차 아침",카페,가이,"그리고 자네, 자네에게는 자네의 성품에 어울리는 일을 하라고 말해주고 싶네.",,,일반,가이로 대사창 초상화 변환,,
"배드엔딩, 9일차 아침",카페,가이,어울리지도 않는 이런 일은 그만두고 좋은 일을 하게나. 자네의 깨끗한 마음을 지키게.,,,일반(가이 초상화),슬로우 상반신 일러스트 표정 변화,,
"배드엔딩, 9일차 아침",카페,가이,"큼, 자네 덕분에 요 근래 꽤나 즐거웠다네.",,,일반(가이 초상화),슬로우 상반신 일러스트 표정 변화,,
"배드엔딩, 9일차 아침",카페,가이,내가 없어진 걸 알면 카페로 달려올 것 같으니 여기에 마지막 인사를 남기고 가겠네. 잘 살게나!',,,웃음(가이 초상화),슬로우 상반신 일러스트 표정 변화,,
"배드엔딩, 9일차 아침",카페,슬로우,...,,,당황,,,
"배드엔딩, 9일차 아침",카페,솔,...라고 전해달라고 하셨어요.,,,당황,다시 솔로 대사창 초상화 변환,,
"배드엔딩, 9일차 아침",카페,슬로우,...,,,일반,,,
"배드엔딩, 9일차 아침",카페,나레이션,슬로우는 착잡한 표정을 하고는 객실로 돌아간다.,,,,슬로우 상반신 일러스트 사라짐,,
"배드엔딩, 9일차 아침",카페,나레이션,"기차가 다음 역에 정차할 때까지 그는 모습을 보이지 않다가,",검은 화면,,,,,
"배드엔딩, 9일차 아침",카페,나레이션,기차가 멈춰 서자마자 기차에서 내려 어딘가로 떠나 버린다.,검은 화면,,,,,
,,,1챕터 끝,검은 화면,,,,,
0엔딩 이후,객실,나레이션,포탈이 열리는 소리가 들린다. ,검은 화면,차원 문 열리는 소리,,,,
1챕터 종료,,,,,,,,,